{"products":[{"id":"0.7324578066370777","qty":1}],"totalPrice":9.990000000000009}